Date,Close,Name
2022-01-10 00:00:00+00:00,152.60000610351562,RNK.L
2022-01-11 00:00:00+00:00,154.8000030517578,RNK.L
2022-01-12 00:00:00+00:00,153.39999389648438,RNK.L
2022-01-13 00:00:00+00:00,155.1999969482422,RNK.L
2022-01-14 00:00:00+00:00,156.60000610351562,RNK.L
2022-01-17 00:00:00+00:00,156.0,RNK.L
2022-01-18 00:00:00+00:00,158.60000610351562,RNK.L
2022-01-19 00:00:00+00:00,155.60000610351562,RNK.L
2022-01-20 00:00:00+00:00,157.39999389648438,RNK.L
2022-01-21 00:00:00+00:00,153.1999969482422,RNK.L
2022-01-24 00:00:00+00:00,144.8000030517578,RNK.L
2022-01-25 00:00:00+00:00,148.1999969482422,RNK.L
2022-01-26 00:00:00+00:00,148.8000030517578,RNK.L
2022-01-27 00:00:00+00:00,158.0,RNK.L
2022-01-28 00:00:00+00:00,153.8000030517578,RNK.L
2022-01-31 00:00:00+00:00,157.0,RNK.L
2022-02-01 00:00:00+00:00,163.0,RNK.L
2022-02-02 00:00:00+00:00,159.8000030517578,RNK.L
2022-02-03 00:00:00+00:00,154.8000030517578,RNK.L
2022-02-04 00:00:00+00:00,155.0,RNK.L
2022-02-07 00:00:00+00:00,158.0,RNK.L
2022-02-08 00:00:00+00:00,162.1999969482422,RNK.L
2022-02-09 00:00:00+00:00,165.0,RNK.L
2022-02-10 00:00:00+00:00,168.0,RNK.L
2022-02-11 00:00:00+00:00,164.60000610351562,RNK.L
2022-02-14 00:00:00+00:00,164.0,RNK.L
2022-02-15 00:00:00+00:00,163.1999969482422,RNK.L
2022-02-16 00:00:00+00:00,162.0,RNK.L
2022-02-17 00:00:00+00:00,154.39999389648438,RNK.L
2022-02-18 00:00:00+00:00,153.1999969482422,RNK.L
2022-02-21 00:00:00+00:00,152.1999969482422,RNK.L
2022-02-22 00:00:00+00:00,149.60000610351562,RNK.L
2022-02-23 00:00:00+00:00,154.39999389648438,RNK.L
2022-02-24 00:00:00+00:00,145.60000610351562,RNK.L
2022-02-25 00:00:00+00:00,156.60000610351562,RNK.L
2022-02-28 00:00:00+00:00,159.8000030517578,RNK.L
2022-03-01 00:00:00+00:00,151.1999969482422,RNK.L
2022-03-02 00:00:00+00:00,149.0,RNK.L
2022-03-03 00:00:00+00:00,138.0,RNK.L
2022-03-04 00:00:00+00:00,134.39999389648438,RNK.L
2022-03-07 00:00:00+00:00,131.60000610351562,RNK.L
2022-03-08 00:00:00+00:00,129.60000610351562,RNK.L
2022-03-09 00:00:00+00:00,138.8000030517578,RNK.L
2022-03-10 00:00:00+00:00,137.8000030517578,RNK.L
2022-03-11 00:00:00+00:00,142.1999969482422,RNK.L
2022-03-14 00:00:00+00:00,144.39999389648438,RNK.L
2022-03-15 00:00:00+00:00,141.0,RNK.L
2022-03-16 00:00:00+00:00,145.8000030517578,RNK.L
2022-03-17 00:00:00+00:00,142.8000030517578,RNK.L
2022-03-18 00:00:00+00:00,144.0,RNK.L
2022-03-21 00:00:00+00:00,138.0,RNK.L
2022-03-22 00:00:00+00:00,140.0,RNK.L
2022-03-23 00:00:00+00:00,143.39999389648438,RNK.L
2022-03-24 00:00:00+00:00,137.8000030517578,RNK.L
2022-03-25 00:00:00+00:00,141.8000030517578,RNK.L
2022-03-28 00:00:00+01:00,138.8000030517578,RNK.L
2022-03-29 00:00:00+01:00,139.60000610351562,RNK.L
2022-03-30 00:00:00+01:00,134.39999389648438,RNK.L
2022-03-31 00:00:00+01:00,134.60000610351562,RNK.L
2022-04-01 00:00:00+01:00,135.39999389648438,RNK.L
2022-04-04 00:00:00+01:00,137.0,RNK.L
2022-04-05 00:00:00+01:00,135.39999389648438,RNK.L
2022-04-06 00:00:00+01:00,132.1999969482422,RNK.L
2022-04-07 00:00:00+01:00,131.60000610351562,RNK.L
2022-04-08 00:00:00+01:00,131.39999389648438,RNK.L
2022-04-11 00:00:00+01:00,131.8000030517578,RNK.L
2022-04-12 00:00:00+01:00,129.0,RNK.L
2022-04-13 00:00:00+01:00,129.39999389648438,RNK.L
2022-04-14 00:00:00+01:00,129.60000610351562,RNK.L
2022-04-19 00:00:00+01:00,128.60000610351562,RNK.L
2022-04-20 00:00:00+01:00,128.39999389648438,RNK.L
2022-04-21 00:00:00+01:00,117.0,RNK.L
2022-04-22 00:00:00+01:00,113.19999694824219,RNK.L
2022-04-25 00:00:00+01:00,109.80000305175781,RNK.L
2022-04-26 00:00:00+01:00,108.19999694824219,RNK.L
2022-04-27 00:00:00+01:00,107.4000015258789,RNK.L
2022-04-28 00:00:00+01:00,108.80000305175781,RNK.L
2022-04-29 00:00:00+01:00,108.0,RNK.L
2022-05-03 00:00:00+01:00,106.19999694824219,RNK.L
2022-05-04 00:00:00+01:00,107.4000015258789,RNK.L
2022-05-05 00:00:00+01:00,105.4000015258789,RNK.L
2022-05-06 00:00:00+01:00,106.0,RNK.L
2022-05-09 00:00:00+01:00,99.0,RNK.L
2022-05-10 00:00:00+01:00,99.0999984741211,RNK.L
2022-05-11 00:00:00+01:00,101.5999984741211,RNK.L
2022-05-12 00:00:00+01:00,102.0,RNK.L
2022-05-13 00:00:00+01:00,101.0,RNK.L
2022-05-16 00:00:00+01:00,100.0,RNK.L
2022-05-17 00:00:00+01:00,100.80000305175781,RNK.L
2022-05-18 00:00:00+01:00,99.19999694824219,RNK.L
2022-05-19 00:00:00+01:00,97.4000015258789,RNK.L
2022-05-20 00:00:00+01:00,99.0999984741211,RNK.L
2022-05-23 00:00:00+01:00,103.19999694824219,RNK.L
2022-05-24 00:00:00+01:00,101.4000015258789,RNK.L
2022-05-25 00:00:00+01:00,102.4000015258789,RNK.L
2022-05-26 00:00:00+01:00,105.0,RNK.L
2022-05-27 00:00:00+01:00,108.19999694824219,RNK.L
2022-05-30 00:00:00+01:00,108.0,RNK.L
2022-05-31 00:00:00+01:00,108.80000305175781,RNK.L
2022-06-01 00:00:00+01:00,108.4000015258789,RNK.L
2022-06-06 00:00:00+01:00,109.0,RNK.L
2022-06-07 00:00:00+01:00,110.0,RNK.L
2022-06-08 00:00:00+01:00,112.0,RNK.L
2022-06-09 00:00:00+01:00,107.80000305175781,RNK.L
2022-06-10 00:00:00+01:00,105.19999694824219,RNK.L
2022-06-13 00:00:00+01:00,99.5,RNK.L
2022-06-14 00:00:00+01:00,100.4000015258789,RNK.L
2022-06-15 00:00:00+01:00,102.80000305175781,RNK.L
2022-06-16 00:00:00+01:00,100.19999694824219,RNK.L
2022-06-17 00:00:00+01:00,99.19999694824219,RNK.L
2022-06-20 00:00:00+01:00,82.4000015258789,RNK.L
2022-06-21 00:00:00+01:00,81.5,RNK.L
2022-06-22 00:00:00+01:00,79.5,RNK.L
2022-06-23 00:00:00+01:00,82.4000015258789,RNK.L
2022-06-24 00:00:00+01:00,83.4000015258789,RNK.L
2022-06-27 00:00:00+01:00,84.5999984741211,RNK.L
2022-06-28 00:00:00+01:00,83.0,RNK.L
2022-06-29 00:00:00+01:00,85.0,RNK.L
2022-06-30 00:00:00+01:00,85.5999984741211,RNK.L
2022-07-01 00:00:00+01:00,86.5,RNK.L
2022-07-04 00:00:00+01:00,85.30000305175781,RNK.L
2022-07-05 00:00:00+01:00,83.80000305175781,RNK.L
2022-07-06 00:00:00+01:00,84.19999694824219,RNK.L
2022-07-07 00:00:00+01:00,85.0,RNK.L
2022-07-08 00:00:00+01:00,86.5,RNK.L
2022-07-11 00:00:00+01:00,86.4000015258789,RNK.L
2022-07-12 00:00:00+01:00,87.5999984741211,RNK.L
2022-07-13 00:00:00+01:00,87.5,RNK.L
2022-07-14 00:00:00+01:00,84.4000015258789,RNK.L
2022-07-15 00:00:00+01:00,86.5,RNK.L
2022-07-18 00:00:00+01:00,88.80000305175781,RNK.L
2022-07-19 00:00:00+01:00,88.30000305175781,RNK.L
2022-07-20 00:00:00+01:00,89.80000305175781,RNK.L
2022-07-21 00:00:00+01:00,90.30000305175781,RNK.L
2022-07-22 00:00:00+01:00,93.5,RNK.L
2022-07-25 00:00:00+01:00,92.5,RNK.L
2022-07-26 00:00:00+01:00,90.0999984741211,RNK.L
2022-07-27 00:00:00+01:00,91.5,RNK.L
2022-07-28 00:00:00+01:00,90.5,RNK.L
2022-07-29 00:00:00+01:00,90.0,RNK.L
2022-08-01 00:00:00+01:00,91.4000015258789,RNK.L
2022-08-02 00:00:00+01:00,92.5999984741211,RNK.L
2022-08-03 00:00:00+01:00,92.9000015258789,RNK.L
2022-08-04 00:00:00+01:00,91.80000305175781,RNK.L
2022-08-05 00:00:00+01:00,90.0,RNK.L
2022-08-08 00:00:00+01:00,90.69999694824219,RNK.L
2022-08-09 00:00:00+01:00,90.19999694824219,RNK.L
2022-08-10 00:00:00+01:00,89.5,RNK.L
2022-08-11 00:00:00+01:00,89.0,RNK.L
2022-08-12 00:00:00+01:00,88.4000015258789,RNK.L
2022-08-15 00:00:00+01:00,88.0,RNK.L
2022-08-16 00:00:00+01:00,85.5,RNK.L
2022-08-17 00:00:00+01:00,88.0,RNK.L
2022-08-18 00:00:00+01:00,85.0,RNK.L
2022-08-19 00:00:00+01:00,84.19999694824219,RNK.L
2022-08-22 00:00:00+01:00,80.0,RNK.L
2022-08-23 00:00:00+01:00,78.80000305175781,RNK.L
2022-08-24 00:00:00+01:00,80.0,RNK.L
2022-08-25 00:00:00+01:00,80.0999984741211,RNK.L
2022-08-26 00:00:00+01:00,78.0,RNK.L
2022-08-30 00:00:00+01:00,75.80000305175781,RNK.L
2022-08-31 00:00:00+01:00,75.30000305175781,RNK.L
2022-09-01 00:00:00+01:00,74.9000015258789,RNK.L
2022-09-02 00:00:00+01:00,75.80000305175781,RNK.L
2022-09-05 00:00:00+01:00,77.19999694824219,RNK.L
2022-09-06 00:00:00+01:00,78.0,RNK.L
2022-09-07 00:00:00+01:00,78.5,RNK.L
2022-09-08 00:00:00+01:00,78.4000015258789,RNK.L
2022-09-09 00:00:00+01:00,80.0,RNK.L
2022-09-12 00:00:00+01:00,80.5,RNK.L
2022-09-13 00:00:00+01:00,78.0,RNK.L
2022-09-14 00:00:00+01:00,73.80000305175781,RNK.L
2022-09-15 00:00:00+01:00,75.5999984741211,RNK.L
2022-09-16 00:00:00+01:00,74.69999694824219,RNK.L
2022-09-20 00:00:00+01:00,76.0,RNK.L
2022-09-21 00:00:00+01:00,78.80000305175781,RNK.L
2022-09-22 00:00:00+01:00,78.0999984741211,RNK.L
2022-09-23 00:00:00+01:00,74.30000305175781,RNK.L
2022-09-26 00:00:00+01:00,75.69999694824219,RNK.L
2022-09-27 00:00:00+01:00,74.80000305175781,RNK.L
2022-09-28 00:00:00+01:00,75.30000305175781,RNK.L
2022-09-29 00:00:00+01:00,76.4000015258789,RNK.L
2022-09-30 00:00:00+01:00,68.19999694824219,RNK.L
2022-10-03 00:00:00+01:00,68.9000015258789,RNK.L
2022-10-04 00:00:00+01:00,68.19999694824219,RNK.L
2022-10-05 00:00:00+01:00,69.5999984741211,RNK.L
2022-10-06 00:00:00+01:00,69.30000305175781,RNK.L
2022-10-07 00:00:00+01:00,67.0,RNK.L
2022-10-10 00:00:00+01:00,66.5999984741211,RNK.L
2022-10-11 00:00:00+01:00,66.5999984741211,RNK.L
2022-10-12 00:00:00+01:00,63.900001525878906,RNK.L
2022-10-13 00:00:00+01:00,57.0,RNK.L
2022-10-14 00:00:00+01:00,56.900001525878906,RNK.L
2022-10-17 00:00:00+01:00,56.900001525878906,RNK.L
2022-10-18 00:00:00+01:00,57.400001525878906,RNK.L
2022-10-19 00:00:00+01:00,57.0,RNK.L
2022-10-20 00:00:00+01:00,57.0,RNK.L
2022-10-21 00:00:00+01:00,57.0,RNK.L
2022-10-24 00:00:00+01:00,56.70000076293945,RNK.L
2022-10-25 00:00:00+01:00,57.900001525878906,RNK.L
2022-10-26 00:00:00+01:00,56.099998474121094,RNK.L
2022-10-27 00:00:00+01:00,56.5,RNK.L
2022-10-28 00:00:00+01:00,56.0,RNK.L
2022-10-31 00:00:00+00:00,52.400001525878906,RNK.L
2022-11-01 00:00:00+00:00,57.5,RNK.L
2022-11-02 00:00:00+00:00,56.20000076293945,RNK.L
2022-11-03 00:00:00+00:00,58.0,RNK.L
2022-11-04 00:00:00+00:00,60.0,RNK.L
2022-11-07 00:00:00+00:00,60.20000076293945,RNK.L
2022-11-08 00:00:00+00:00,59.5,RNK.L
2022-11-09 00:00:00+00:00,59.900001525878906,RNK.L
2022-11-10 00:00:00+00:00,64.0,RNK.L
2022-11-11 00:00:00+00:00,69.0,RNK.L
2022-11-14 00:00:00+00:00,70.0,RNK.L
2022-11-15 00:00:00+00:00,71.0,RNK.L
2022-11-16 00:00:00+00:00,70.4000015258789,RNK.L
2022-11-17 00:00:00+00:00,72.0,RNK.L
2022-11-18 00:00:00+00:00,76.80000305175781,RNK.L
2022-11-21 00:00:00+00:00,77.0,RNK.L
2022-11-22 00:00:00+00:00,88.9000015258789,RNK.L
2022-11-23 00:00:00+00:00,89.0999984741211,RNK.L
2022-11-24 00:00:00+00:00,90.9000015258789,RNK.L
2022-11-25 00:00:00+00:00,91.5999984741211,RNK.L
2022-11-28 00:00:00+00:00,91.19999694824219,RNK.L
2022-11-29 00:00:00+00:00,91.0,RNK.L
2022-11-30 00:00:00+00:00,90.5,RNK.L
2022-12-01 00:00:00+00:00,93.5999984741211,RNK.L
2022-12-02 00:00:00+00:00,91.5999984741211,RNK.L
2022-12-05 00:00:00+00:00,92.69999694824219,RNK.L
2022-12-06 00:00:00+00:00,91.0,RNK.L
2022-12-07 00:00:00+00:00,85.30000305175781,RNK.L
2022-12-08 00:00:00+00:00,86.0,RNK.L
2022-12-09 00:00:00+00:00,86.30000305175781,RNK.L
2022-12-12 00:00:00+00:00,84.0999984741211,RNK.L
2022-12-13 00:00:00+00:00,83.0999984741211,RNK.L
2022-12-14 00:00:00+00:00,80.9000015258789,RNK.L
2022-12-15 00:00:00+00:00,80.30000305175781,RNK.L
2022-12-16 00:00:00+00:00,72.4000015258789,RNK.L
2022-12-19 00:00:00+00:00,73.0,RNK.L
2022-12-20 00:00:00+00:00,75.0,RNK.L
2022-12-21 00:00:00+00:00,79.0999984741211,RNK.L
2022-12-22 00:00:00+00:00,77.30000305175781,RNK.L
2022-12-23 00:00:00+00:00,78.80000305175781,RNK.L
2022-12-28 00:00:00+00:00,81.19999694824219,RNK.L
2022-12-29 00:00:00+00:00,84.30000305175781,RNK.L
2022-12-30 00:00:00+00:00,81.9000015258789,RNK.L
2023-01-03 00:00:00+00:00,79.19999694824219,RNK.L
2023-01-04 00:00:00+00:00,81.80000305175781,RNK.L
2023-01-05 00:00:00+00:00,82.0,RNK.L
2023-01-06 00:00:00+00:00,81.69999694824219,RNK.L
2023-01-09 00:00:00+00:00,82.5,RNK.L
2022-01-10 00:00:00+00:00,1656.257568359375,ENT.L
2022-01-11 00:00:00+00:00,1689.5516357421875,ENT.L
2022-01-12 00:00:00+00:00,1714.3980712890625,ENT.L
2022-01-13 00:00:00+00:00,1715.8887939453125,ENT.L
2022-01-14 00:00:00+00:00,1696.01171875,ENT.L
2022-01-17 00:00:00+00:00,1717.379638671875,ENT.L
2022-01-18 00:00:00+00:00,1696.5086669921875,ENT.L
2022-01-19 00:00:00+00:00,1698.9932861328125,ENT.L
2022-01-20 00:00:00+00:00,1713.4041748046875,ENT.L
2022-01-21 00:00:00+00:00,1624.951171875,ENT.L
2022-01-24 00:00:00+00:00,1535.5042724609375,ENT.L
2022-01-25 00:00:00+00:00,1511.65185546875,ENT.L
2022-01-26 00:00:00+00:00,1534.510498046875,ENT.L
2022-01-27 00:00:00+00:00,1538.48583984375,ENT.L
2022-01-28 00:00:00+00:00,1562.33837890625,ENT.L
2022-01-31 00:00:00+00:00,1581.2215576171875,ENT.L
2022-02-01 00:00:00+00:00,1611.0372314453125,ENT.L
2022-02-02 00:00:00+00:00,1605.571044921875,ENT.L
2022-02-03 00:00:00+00:00,1573.7677001953125,ENT.L
2022-02-04 00:00:00+00:00,1562.8353271484375,ENT.L
2022-02-07 00:00:00+00:00,1595.6324462890625,ENT.L
2022-02-08 00:00:00+00:00,1585.197021484375,ENT.L
2022-02-09 00:00:00+00:00,1637.8712158203125,ENT.L
2022-02-10 00:00:00+00:00,1669.674560546875,ENT.L
2022-02-11 00:00:00+00:00,1688.0609130859375,ENT.L
2022-02-14 00:00:00+00:00,1674.14697265625,ENT.L
2022-02-15 00:00:00+00:00,1693.527099609375,ENT.L
2022-02-16 00:00:00+00:00,1693.527099609375,ENT.L
2022-02-17 00:00:00+00:00,1688.557861328125,ENT.L
2022-02-18 00:00:00+00:00,1639.8590087890625,ENT.L
2022-02-21 00:00:00+00:00,1630.914306640625,ENT.L
2022-02-22 00:00:00+00:00,1632.9019775390625,ENT.L
2022-02-23 00:00:00+00:00,1637.8712158203125,ENT.L
2022-02-24 00:00:00+00:00,1580.227783203125,ENT.L
2022-02-25 00:00:00+00:00,1647.3128662109375,ENT.L
2022-02-28 00:00:00+00:00,1673.6500244140625,ENT.L
2022-03-01 00:00:00+00:00,1592.65087890625,ENT.L
2022-03-02 00:00:00+00:00,1550.412109375,ENT.L
2022-03-03 00:00:00+00:00,1549.418212890625,ENT.L
2022-03-04 00:00:00+00:00,1482.830078125,ENT.L
2022-03-07 00:00:00+00:00,1427.1741943359375,ENT.L
2022-03-08 00:00:00+00:00,1383.941650390625,ENT.L
2022-03-09 00:00:00+00:00,1478.357666015625,ENT.L
2022-03-10 00:00:00+00:00,1455.9959716796875,ENT.L
2022-03-11 00:00:00+00:00,1518.6087646484375,ENT.L
2022-03-14 00:00:00+00:00,1522.0872802734375,ENT.L
2022-03-15 00:00:00+00:00,1538.9827880859375,ENT.L
2022-03-16 00:00:00+00:00,1571.2830810546875,ENT.L
2022-03-17 00:00:00+00:00,1639.8590087890625,ENT.L
2022-03-18 00:00:00+00:00,1711.913330078125,ENT.L
2022-03-21 00:00:00+00:00,1655.7606201171875,ENT.L
2022-03-22 00:00:00+00:00,1664.2083740234375,ENT.L
2022-03-23 00:00:00+00:00,1664.705322265625,ENT.L
2022-03-24 00:00:00+00:00,1646.3189697265625,ENT.L
2022-03-25 00:00:00+00:00,1655.7606201171875,ENT.L
2022-03-28 00:00:00+01:00,1633.39892578125,ENT.L
2022-03-29 00:00:00+01:00,1660.2330322265625,ENT.L
2022-03-30 00:00:00+01:00,1655.7606201171875,ENT.L
2022-03-31 00:00:00+01:00,1633.39892578125,ENT.L
2022-04-01 00:00:00+01:00,1641.8466796875,ENT.L
2022-04-04 00:00:00+01:00,1678.122314453125,ENT.L
2022-04-05 00:00:00+01:00,1667.18994140625,ENT.L
2022-04-06 00:00:00+01:00,1611.5341796875,ENT.L
2022-04-07 00:00:00+01:00,1545.44287109375,ENT.L
2022-04-08 00:00:00+01:00,1537.9888916015625,ENT.L
2022-04-11 00:00:00+01:00,1543.4552001953125,ENT.L
2022-04-12 00:00:00+01:00,1527.553466796875,ENT.L
2022-04-13 00:00:00+01:00,1514.6334228515625,ENT.L
2022-04-14 00:00:00+01:00,1541.96435546875,ENT.L
2022-04-19 00:00:00+01:00,1564.3260498046875,ENT.L
2022-04-20 00:00:00+01:00,1556.375244140625,ENT.L
2022-04-21 00:00:00+01:00,1529.0443115234375,ENT.L
2022-04-22 00:00:00+01:00,1487.79931640625,ENT.L
2022-04-25 00:00:00+01:00,1459.971435546875,ENT.L
2022-04-26 00:00:00+01:00,1464.4437255859375,ENT.L
2022-04-27 00:00:00+01:00,1456.492919921875,ENT.L
2022-04-28 00:00:00+01:00,1482.3331298828125,ENT.L
2022-04-29 00:00:00+01:00,1509.167236328125,ENT.L
2022-05-03 00:00:00+01:00,1483.3270263671875,ENT.L
2022-05-04 00:00:00+01:00,1446.0574951171875,ENT.L
2022-05-05 00:00:00+01:00,1396.8616943359375,ENT.L
2022-05-06 00:00:00+01:00,1362.57373046875,ENT.L
2022-05-09 00:00:00+01:00,1240.82666015625,ENT.L
2022-05-10 00:00:00+01:00,1226.415771484375,ENT.L
2022-05-11 00:00:00+01:00,1278.09619140625,ENT.L
2022-05-12 00:00:00+01:00,1292.507080078125,ENT.L
2022-05-13 00:00:00+01:00,1356.1136474609375,ENT.L
2022-05-16 00:00:00+01:00,1359.09521484375,ENT.L
2022-05-17 00:00:00+01:00,1364.0645751953125,ENT.L
2022-05-18 00:00:00+01:00,1383.4447021484375,ENT.L
2022-05-19 00:00:00+01:00,1351.641357421875,ENT.L
2022-05-20 00:00:00+01:00,1394.3770751953125,ENT.L
2022-05-23 00:00:00+01:00,1410.2786865234375,ENT.L
2022-05-24 00:00:00+01:00,1356.610595703125,ENT.L
2022-05-25 00:00:00+01:00,1370.5245361328125,ENT.L
2022-05-26 00:00:00+01:00,1402.327880859375,ENT.L
2022-05-27 00:00:00+01:00,1424.192626953125,ENT.L
2022-05-30 00:00:00+01:00,1452.0206298828125,ENT.L
2022-05-31 00:00:00+01:00,1453.014404296875,ENT.L
2022-06-01 00:00:00+01:00,1451.0267333984375,ENT.L
2022-06-06 00:00:00+01:00,1428.1680908203125,ENT.L
2022-06-07 00:00:00+01:00,1437.11279296875,ENT.L
2022-06-08 00:00:00+01:00,1444.566650390625,ENT.L
2022-06-09 00:00:00+01:00,1441.088134765625,ENT.L
2022-06-10 00:00:00+01:00,1399.84326171875,ENT.L
2022-06-13 00:00:00+01:00,1332.758056640625,ENT.L
2022-06-14 00:00:00+01:00,1333.2550048828125,ENT.L
2022-06-15 00:00:00+01:00,1367.0460205078125,ENT.L
2022-06-16 00:00:00+01:00,1283.0654296875,ENT.L
2022-06-17 00:00:00+01:00,1264.6790771484375,ENT.L
2022-06-20 00:00:00+01:00,1303.439453125,ENT.L
2022-06-21 00:00:00+01:00,1297.9732666015625,ENT.L
2022-06-22 00:00:00+01:00,1299.4639892578125,ENT.L
2022-06-23 00:00:00+01:00,1287.5377197265625,ENT.L
2022-06-24 00:00:00+01:00,1327.788818359375,ENT.L
2022-06-27 00:00:00+01:00,1327.2918701171875,ENT.L
2022-06-28 00:00:00+01:00,1295.9854736328125,ENT.L
2022-06-29 00:00:00+01:00,1257.2252197265625,ENT.L
2022-06-30 00:00:00+01:00,1237.34814453125,ENT.L
2022-07-01 00:00:00+01:00,1244.802001953125,ENT.L
2022-07-04 00:00:00+01:00,1205.0478515625,ENT.L
2022-07-05 00:00:00+01:00,1126.533447265625,ENT.L
2022-07-06 00:00:00+01:00,1132.9935302734375,ENT.L
2022-07-07 00:00:00+01:00,1089.7608642578125,ENT.L
2022-07-08 00:00:00+01:00,1090.2578125,ENT.L
2022-07-11 00:00:00+01:00,1068.889892578125,ENT.L
2022-07-12 00:00:00+01:00,1086.779296875,ENT.L
2022-07-13 00:00:00+01:00,1075.846923828125,ENT.L
2022-07-14 00:00:00+01:00,1096.7177734375,ENT.L
2022-07-15 00:00:00+01:00,1112.6195068359375,ENT.L
2022-07-18 00:00:00+01:00,1112.6195068359375,ENT.L
2022-07-19 00:00:00+01:00,1119.576416015625,ENT.L
2022-07-20 00:00:00+01:00,1146.907470703125,ENT.L
2022-07-21 00:00:00+01:00,1142.43505859375,ENT.L
2022-07-22 00:00:00+01:00,1172.7476806640625,ENT.L
2022-07-25 00:00:00+01:00,1147.4044189453125,ENT.L
2022-07-26 00:00:00+01:00,1137.4658203125,ENT.L
2022-07-27 00:00:00+01:00,1174.2384033203125,ENT.L
2022-07-28 00:00:00+01:00,1171.7537841796875,ENT.L
2022-07-29 00:00:00+01:00,1195.109375,ENT.L
2022-08-01 00:00:00+01:00,1208.5263671875,ENT.L
2022-08-02 00:00:00+01:00,1197.0970458984375,ENT.L
2022-08-03 00:00:00+01:00,1233.86962890625,ENT.L
2022-08-04 00:00:00+01:00,1294.99169921875,ENT.L
2022-08-05 00:00:00+01:00,1292.0101318359375,ENT.L
2022-08-08 00:00:00+01:00,1315.862548828125,ENT.L
2022-08-09 00:00:00+01:00,1268.654541015625,ENT.L
2022-08-10 00:00:00+01:00,1300.4578857421875,ENT.L
2022-08-11 00:00:00+01:00,1349.15673828125,ENT.L
2022-08-12 00:00:00+01:00,1404.3155517578125,ENT.L
2022-08-15 00:00:00+01:00,1410.775634765625,ENT.L
2022-08-16 00:00:00+01:00,1397.8555908203125,ENT.L
2022-08-17 00:00:00+01:00,1374.5,ENT.L
2022-08-18 00:00:00+01:00,1372.0,ENT.L
2022-08-19 00:00:00+01:00,1319.0,ENT.L
2022-08-22 00:00:00+01:00,1289.5,ENT.L
2022-08-23 00:00:00+01:00,1296.5,ENT.L
2022-08-24 00:00:00+01:00,1294.5,ENT.L
2022-08-25 00:00:00+01:00,1281.0,ENT.L
2022-08-26 00:00:00+01:00,1246.5,ENT.L
2022-08-30 00:00:00+01:00,1279.0,ENT.L
2022-08-31 00:00:00+01:00,1273.0,ENT.L
2022-09-01 00:00:00+01:00,1175.5,ENT.L
2022-09-02 00:00:00+01:00,1201.5,ENT.L
2022-09-05 00:00:00+01:00,1199.5,ENT.L
2022-09-06 00:00:00+01:00,1211.5,ENT.L
2022-09-07 00:00:00+01:00,1210.0,ENT.L
2022-09-08 00:00:00+01:00,1200.0,ENT.L
2022-09-09 00:00:00+01:00,1218.5,ENT.L
2022-09-12 00:00:00+01:00,1257.5,ENT.L
2022-09-13 00:00:00+01:00,1225.0,ENT.L
2022-09-14 00:00:00+01:00,1202.0,ENT.L
2022-09-15 00:00:00+01:00,1233.5,ENT.L
2022-09-16 00:00:00+01:00,1213.0,ENT.L
2022-09-20 00:00:00+01:00,1198.5,ENT.L
2022-09-21 00:00:00+01:00,1196.5,ENT.L
2022-09-22 00:00:00+01:00,1135.0,ENT.L
2022-09-23 00:00:00+01:00,1083.0,ENT.L
2022-09-26 00:00:00+01:00,1108.8299560546875,ENT.L
2022-09-27 00:00:00+01:00,1125.0,ENT.L
2022-09-28 00:00:00+01:00,1139.5,ENT.L
2022-09-29 00:00:00+01:00,1097.0,ENT.L
2022-09-30 00:00:00+01:00,1086.0,ENT.L
2022-10-03 00:00:00+01:00,1092.5,ENT.L
2022-10-04 00:00:00+01:00,1157.5,ENT.L
2022-10-05 00:00:00+01:00,1128.5,ENT.L
2022-10-06 00:00:00+01:00,1145.5,ENT.L
2022-10-07 00:00:00+01:00,1130.0,ENT.L
2022-10-10 00:00:00+01:00,1118.5,ENT.L
2022-10-11 00:00:00+01:00,1098.0,ENT.L
2022-10-12 00:00:00+01:00,1088.5,ENT.L
2022-10-13 00:00:00+01:00,1133.0,ENT.L
2022-10-14 00:00:00+01:00,1150.0,ENT.L
2022-10-17 00:00:00+01:00,1172.5,ENT.L
2022-10-18 00:00:00+01:00,1184.5,ENT.L
2022-10-19 00:00:00+01:00,1154.0,ENT.L
2022-10-20 00:00:00+01:00,1176.5,ENT.L
2022-10-21 00:00:00+01:00,1173.5,ENT.L
2022-10-24 00:00:00+01:00,1198.0,ENT.L
2022-10-25 00:00:00+01:00,1242.0,ENT.L
2022-10-26 00:00:00+01:00,1245.0,ENT.L
2022-10-27 00:00:00+01:00,1272.5,ENT.L
2022-10-28 00:00:00+01:00,1248.5,ENT.L
2022-10-31 00:00:00+00:00,1263.0,ENT.L
2022-11-01 00:00:00+00:00,1293.0,ENT.L
2022-11-02 00:00:00+00:00,1302.0,ENT.L
2022-11-03 00:00:00+00:00,1274.0,ENT.L
2022-11-04 00:00:00+00:00,1284.0,ENT.L
2022-11-07 00:00:00+00:00,1313.5,ENT.L
2022-11-08 00:00:00+00:00,1324.5,ENT.L
2022-11-09 00:00:00+00:00,1304.5,ENT.L
2022-11-10 00:00:00+00:00,1356.0,ENT.L
2022-11-11 00:00:00+00:00,1361.0,ENT.L
2022-11-14 00:00:00+00:00,1350.0,ENT.L
2022-11-15 00:00:00+00:00,1352.0,ENT.L
2022-11-16 00:00:00+00:00,1318.5,ENT.L
2022-11-17 00:00:00+00:00,1318.5,ENT.L
2022-11-18 00:00:00+00:00,1340.0,ENT.L
2022-11-21 00:00:00+00:00,1296.0,ENT.L
2022-11-22 00:00:00+00:00,1365.0,ENT.L
2022-11-23 00:00:00+00:00,1385.0,ENT.L
2022-11-24 00:00:00+00:00,1408.5,ENT.L
2022-11-25 00:00:00+00:00,1406.5,ENT.L
2022-11-28 00:00:00+00:00,1397.0,ENT.L
2022-11-29 00:00:00+00:00,1397.5,ENT.L
2022-11-30 00:00:00+00:00,1402.0,ENT.L
2022-12-01 00:00:00+00:00,1403.0,ENT.L
2022-12-02 00:00:00+00:00,1397.5,ENT.L
2022-12-05 00:00:00+00:00,1364.0,ENT.L
2022-12-06 00:00:00+00:00,1353.5,ENT.L
2022-12-07 00:00:00+00:00,1361.0,ENT.L
2022-12-08 00:00:00+00:00,1378.0,ENT.L
2022-12-09 00:00:00+00:00,1399.5,ENT.L
2022-12-12 00:00:00+00:00,1409.5,ENT.L
2022-12-13 00:00:00+00:00,1414.0,ENT.L
2022-12-14 00:00:00+00:00,1395.5,ENT.L
2022-12-15 00:00:00+00:00,1368.0,ENT.L
2022-12-16 00:00:00+00:00,1323.5,ENT.L
2022-12-19 00:00:00+00:00,1309.5,ENT.L
2022-12-20 00:00:00+00:00,1305.5,ENT.L
2022-12-21 00:00:00+00:00,1330.5,ENT.L
2022-12-22 00:00:00+00:00,1308.0,ENT.L
2022-12-23 00:00:00+00:00,1310.5,ENT.L
2022-12-28 00:00:00+00:00,1309.0,ENT.L
2022-12-29 00:00:00+00:00,1329.5,ENT.L
2022-12-30 00:00:00+00:00,1321.5,ENT.L
2023-01-03 00:00:00+00:00,1350.5,ENT.L
2023-01-04 00:00:00+00:00,1379.0,ENT.L
2023-01-05 00:00:00+00:00,1374.5,ENT.L
2023-01-06 00:00:00+00:00,1415.0,ENT.L
2023-01-09 00:00:00+00:00,1449.0,ENT.L
2022-01-10 00:00:00+00:00,286.6000061035156,888.L
2022-01-11 00:00:00+00:00,288.20001220703125,888.L
2022-01-12 00:00:00+00:00,286.20001220703125,888.L
2022-01-13 00:00:00+00:00,285.20001220703125,888.L
2022-01-14 00:00:00+00:00,269.0,888.L
2022-01-17 00:00:00+00:00,268.3999938964844,888.L
2022-01-18 00:00:00+00:00,266.3999938964844,888.L
2022-01-19 00:00:00+00:00,267.0,888.L
2022-01-20 00:00:00+00:00,266.79998779296875,888.L
2022-01-21 00:00:00+00:00,259.79998779296875,888.L
2022-01-24 00:00:00+00:00,245.39999389648438,888.L
2022-01-25 00:00:00+00:00,244.1999969482422,888.L
2022-01-26 00:00:00+00:00,250.0,888.L
2022-01-27 00:00:00+00:00,252.0,888.L
2022-01-28 00:00:00+00:00,253.0,888.L
2022-01-31 00:00:00+00:00,255.0,888.L
2022-02-01 00:00:00+00:00,260.0,888.L
2022-02-02 00:00:00+00:00,257.79998779296875,888.L
2022-02-03 00:00:00+00:00,253.60000610351562,888.L
2022-02-04 00:00:00+00:00,250.60000610351562,888.L
2022-02-07 00:00:00+00:00,260.20001220703125,888.L
2022-02-08 00:00:00+00:00,254.8000030517578,888.L
2022-02-09 00:00:00+00:00,269.6000061035156,888.L
2022-02-10 00:00:00+00:00,270.0,888.L
2022-02-11 00:00:00+00:00,270.6000061035156,888.L
2022-02-14 00:00:00+00:00,271.6000061035156,888.L
2022-02-15 00:00:00+00:00,270.20001220703125,888.L
2022-02-16 00:00:00+00:00,264.3999938964844,888.L
2022-02-17 00:00:00+00:00,259.20001220703125,888.L
2022-02-18 00:00:00+00:00,252.60000610351562,888.L
2022-02-21 00:00:00+00:00,242.0,888.L
2022-02-22 00:00:00+00:00,240.60000610351562,888.L
2022-02-23 00:00:00+00:00,237.1999969482422,888.L
2022-02-24 00:00:00+00:00,236.8000030517578,888.L
2022-02-25 00:00:00+00:00,237.1999969482422,888.L
2022-02-28 00:00:00+00:00,242.1999969482422,888.L
2022-03-01 00:00:00+00:00,216.8000030517578,888.L
2022-03-02 00:00:00+00:00,212.60000610351562,888.L
2022-03-03 00:00:00+00:00,206.1999969482422,888.L
2022-03-04 00:00:00+00:00,195.39999389648438,888.L
2022-03-07 00:00:00+00:00,194.6999969482422,888.L
2022-03-08 00:00:00+00:00,193.0,888.L
2022-03-09 00:00:00+00:00,189.1999969482422,888.L
2022-03-10 00:00:00+00:00,187.1999969482422,888.L
2022-03-11 00:00:00+00:00,195.1999969482422,888.L
2022-03-14 00:00:00+00:00,194.1999969482422,888.L
2022-03-15 00:00:00+00:00,191.5,888.L
2022-03-16 00:00:00+00:00,197.0,888.L
2022-03-17 00:00:00+00:00,199.3000030517578,888.L
2022-03-18 00:00:00+00:00,200.8000030517578,888.L
2022-03-21 00:00:00+00:00,198.60000610351562,888.L
2022-03-22 00:00:00+00:00,199.3000030517578,888.L
2022-03-23 00:00:00+00:00,195.10000610351562,888.L
2022-03-24 00:00:00+00:00,192.6999969482422,888.L
2022-03-25 00:00:00+00:00,193.6999969482422,888.L
2022-03-28 00:00:00+01:00,188.89999389648438,888.L
2022-03-29 00:00:00+01:00,193.3000030517578,888.L
2022-03-30 00:00:00+01:00,189.3000030517578,888.L
2022-03-31 00:00:00+01:00,184.5,888.L
2022-04-01 00:00:00+01:00,194.1999969482422,888.L
2022-04-04 00:00:00+01:00,207.1999969482422,888.L
2022-04-05 00:00:00+01:00,207.60000610351562,888.L
2022-04-06 00:00:00+01:00,192.0,888.L
2022-04-07 00:00:00+01:00,224.1999969482422,888.L
2022-04-08 00:00:00+01:00,210.0,888.L
2022-04-11 00:00:00+01:00,213.60000610351562,888.L
2022-04-12 00:00:00+01:00,213.0,888.L
2022-04-13 00:00:00+01:00,215.1999969482422,888.L
2022-04-14 00:00:00+01:00,218.1999969482422,888.L
2022-04-19 00:00:00+01:00,214.1999969482422,888.L
2022-04-20 00:00:00+01:00,204.0,888.L
2022-04-21 00:00:00+01:00,196.3000030517578,888.L
2022-04-22 00:00:00+01:00,196.1999969482422,888.L
2022-04-25 00:00:00+01:00,190.5,888.L
2022-04-26 00:00:00+01:00,186.0,888.L
2022-04-27 00:00:00+01:00,185.10000610351562,888.L
2022-04-28 00:00:00+01:00,190.5,888.L
2022-04-29 00:00:00+01:00,190.60000610351562,888.L
2022-05-03 00:00:00+01:00,193.89999389648438,888.L
2022-05-04 00:00:00+01:00,190.60000610351562,888.L
2022-05-05 00:00:00+01:00,186.60000610351562,888.L
2022-05-06 00:00:00+01:00,187.10000610351562,888.L
2022-05-09 00:00:00+01:00,180.1999969482422,888.L
2022-05-10 00:00:00+01:00,186.1999969482422,888.L
2022-05-11 00:00:00+01:00,189.0,888.L
2022-05-12 00:00:00+01:00,188.8000030517578,888.L
2022-05-13 00:00:00+01:00,192.10000610351562,888.L
2022-05-16 00:00:00+01:00,191.39999389648438,888.L
2022-05-17 00:00:00+01:00,191.10000610351562,888.L
2022-05-18 00:00:00+01:00,188.10000610351562,888.L
2022-05-19 00:00:00+01:00,186.60000610351562,888.L
2022-05-20 00:00:00+01:00,191.6999969482422,888.L
2022-05-23 00:00:00+01:00,194.10000610351562,888.L
2022-05-24 00:00:00+01:00,191.6999969482422,888.L
2022-05-25 00:00:00+01:00,195.39999389648438,888.L
2022-05-26 00:00:00+01:00,202.0,888.L
2022-05-27 00:00:00+01:00,204.39999389648438,888.L
2022-05-30 00:00:00+01:00,210.0,888.L
2022-05-31 00:00:00+01:00,210.39999389648438,888.L
2022-06-01 00:00:00+01:00,204.39999389648438,888.L
2022-06-06 00:00:00+01:00,207.1999969482422,888.L
2022-06-07 00:00:00+01:00,204.39999389648438,888.L
2022-06-08 00:00:00+01:00,203.39999389648438,888.L
2022-06-09 00:00:00+01:00,199.8000030517578,888.L
2022-06-10 00:00:00+01:00,190.3000030517578,888.L
2022-06-13 00:00:00+01:00,179.5,888.L
2022-06-14 00:00:00+01:00,1.7740000486373901,888.L
2022-06-15 00:00:00+01:00,184.0,888.L
2022-06-16 00:00:00+01:00,175.6999969482422,888.L
2022-06-17 00:00:00+01:00,177.1999969482422,888.L
2022-06-20 00:00:00+01:00,178.10000610351562,888.L
2022-06-21 00:00:00+01:00,178.3000030517578,888.L
2022-06-22 00:00:00+01:00,175.3000030517578,888.L
2022-06-23 00:00:00+01:00,160.6999969482422,888.L
2022-06-24 00:00:00+01:00,161.8000030517578,888.L
2022-06-27 00:00:00+01:00,166.0,888.L
2022-06-28 00:00:00+01:00,166.1999969482422,888.L
2022-06-29 00:00:00+01:00,175.39999389648438,888.L
2022-06-30 00:00:00+01:00,167.60000610351562,888.L
2022-07-01 00:00:00+01:00,172.39999389648438,888.L
2022-07-05 00:00:00+01:00,162.0,888.L
2022-07-06 00:00:00+01:00,167.5,888.L
2022-07-07 00:00:00+01:00,161.0,888.L
2022-07-08 00:00:00+01:00,159.1999969482422,888.L
2022-07-11 00:00:00+01:00,144.0,888.L
2022-07-12 00:00:00+01:00,145.5,888.L
2022-07-13 00:00:00+01:00,146.10000610351562,888.L
2022-07-14 00:00:00+01:00,150.0,888.L
2022-07-15 00:00:00+01:00,150.6999969482422,888.L
2022-07-18 00:00:00+01:00,151.6999969482422,888.L
2022-07-19 00:00:00+01:00,151.5,888.L
2022-07-20 00:00:00+01:00,152.5,888.L
2022-07-21 00:00:00+01:00,152.39999389648438,888.L
2022-07-22 00:00:00+01:00,156.1999969482422,888.L
2022-07-25 00:00:00+01:00,151.10000610351562,888.L
2022-07-26 00:00:00+01:00,144.5,888.L
2022-07-27 00:00:00+01:00,142.6999969482422,888.L
2022-07-28 00:00:00+01:00,147.1999969482422,888.L
2022-07-29 00:00:00+01:00,147.10000610351562,888.L
2022-08-01 00:00:00+01:00,144.39999389648438,888.L
2022-08-02 00:00:00+01:00,141.8000030517578,888.L
2022-08-03 00:00:00+01:00,149.1999969482422,888.L
2022-08-04 00:00:00+01:00,159.3000030517578,888.L
2022-08-05 00:00:00+01:00,158.39999389648438,888.L
2022-08-08 00:00:00+01:00,155.8000030517578,888.L
2022-08-09 00:00:00+01:00,149.5,888.L
2022-08-10 00:00:00+01:00,152.5,888.L
2022-08-11 00:00:00+01:00,160.0,888.L
2022-08-12 00:00:00+01:00,142.6999969482422,888.L
2022-08-15 00:00:00+01:00,156.60000610351562,888.L
2022-08-16 00:00:00+01:00,158.0,888.L
2022-08-17 00:00:00+01:00,149.6999969482422,888.L
2022-08-18 00:00:00+01:00,152.10000610351562,888.L
2022-08-19 00:00:00+01:00,149.1999969482422,888.L
2022-08-22 00:00:00+01:00,139.10000610351562,888.L
2022-08-23 00:00:00+01:00,137.8000030517578,888.L
2022-08-24 00:00:00+01:00,138.8000030517578,888.L
2022-08-25 00:00:00+01:00,132.6999969482422,888.L
2022-08-26 00:00:00+01:00,128.60000610351562,888.L
2022-08-30 00:00:00+01:00,124.5,888.L
2022-08-31 00:00:00+01:00,123.4000015258789,888.L
2022-09-01 00:00:00+01:00,119.0,888.L
2022-09-02 00:00:00+01:00,121.5,888.L
2022-09-05 00:00:00+01:00,121.9000015258789,888.L
2022-09-06 00:00:00+01:00,126.69999694824219,888.L
2022-09-07 00:00:00+01:00,126.69999694824219,888.L
2022-09-08 00:00:00+01:00,123.0999984741211,888.L
2022-09-09 00:00:00+01:00,123.9000015258789,888.L
2022-09-12 00:00:00+01:00,126.30000305175781,888.L
2022-09-13 00:00:00+01:00,121.9000015258789,888.L
2022-09-14 00:00:00+01:00,116.4000015258789,888.L
2022-09-15 00:00:00+01:00,117.0,888.L
2022-09-16 00:00:00+01:00,118.0,888.L
2022-09-20 00:00:00+01:00,121.5,888.L
2022-09-21 00:00:00+01:00,122.0,888.L
2022-09-22 00:00:00+01:00,119.0,888.L
2022-09-23 00:00:00+01:00,117.69999694824219,888.L
2022-09-26 00:00:00+01:00,113.0999984741211,888.L
2022-09-27 00:00:00+01:00,108.0,888.L
2022-09-28 00:00:00+01:00,103.9000015258789,888.L
2022-09-29 00:00:00+01:00,94.6500015258789,888.L
2022-09-30 00:00:00+01:00,93.5999984741211,888.L
2022-10-03 00:00:00+01:00,96.55000305175781,888.L
2022-10-04 00:00:00+01:00,100.5999984741211,888.L
2022-10-05 00:00:00+01:00,96.05000305175781,888.L
2022-10-06 00:00:00+01:00,97.8499984741211,888.L
2022-10-07 00:00:00+01:00,96.75,888.L
2022-10-10 00:00:00+01:00,95.0,888.L
2022-10-11 00:00:00+01:00,90.5,888.L
2022-10-12 00:00:00+01:00,87.30000305175781,888.L
2022-10-13 00:00:00+01:00,87.9000015258789,888.L
2022-10-14 00:00:00+01:00,86.1500015258789,888.L
2022-10-17 00:00:00+01:00,90.19999694824219,888.L
2022-10-18 00:00:00+01:00,91.4000015258789,888.L
2022-10-19 00:00:00+01:00,90.69999694824219,888.L
2022-10-20 00:00:00+01:00,92.0,888.L
2022-10-21 00:00:00+01:00,89.0,888.L
2022-10-24 00:00:00+01:00,87.69999694824219,888.L
2022-10-25 00:00:00+01:00,89.0999984741211,888.L
2022-10-26 00:00:00+01:00,93.80000305175781,888.L
2022-10-27 00:00:00+01:00,96.6500015258789,888.L
2022-10-28 00:00:00+01:00,94.30000305175781,888.L
2022-10-31 00:00:00+00:00,92.80000305175781,888.L
2022-11-01 00:00:00+00:00,95.8499984741211,888.L
2022-11-02 00:00:00+00:00,99.44999694824219,888.L
2022-11-03 00:00:00+00:00,97.8499984741211,888.L
2022-11-04 00:00:00+00:00,100.4000015258789,888.L
2022-11-07 00:00:00+00:00,101.5,888.L
2022-11-08 00:00:00+00:00,103.30000305175781,888.L
2022-11-09 00:00:00+00:00,99.69999694824219,888.L
2022-11-10 00:00:00+00:00,100.4000015258789,888.L
2022-11-11 00:00:00+00:00,105.5999984741211,888.L
2022-11-14 00:00:00+00:00,104.5,888.L
2022-11-15 00:00:00+00:00,101.5999984741211,888.L
2022-11-16 00:00:00+00:00,95.6500015258789,888.L
2022-11-17 00:00:00+00:00,95.80000305175781,888.L
2022-11-18 00:00:00+00:00,98.55000305175781,888.L
2022-11-21 00:00:00+00:00,97.80000305175781,888.L
2022-11-22 00:00:00+00:00,96.19999694824219,888.L
2022-11-23 00:00:00+00:00,98.44999694824219,888.L
2022-11-24 00:00:00+00:00,101.5999984741211,888.L
2022-11-25 00:00:00+00:00,103.4000015258789,888.L
2022-11-28 00:00:00+00:00,102.69999694824219,888.L
2022-11-29 00:00:00+00:00,103.0,888.L
2022-11-30 00:00:00+00:00,100.5,888.L
2022-12-01 00:00:00+00:00,104.69999694824219,888.L
2022-12-02 00:00:00+00:00,102.5,888.L
2022-12-05 00:00:00+00:00,101.4000015258789,888.L
2022-12-06 00:00:00+00:00,97.8499984741211,888.L
2022-12-07 00:00:00+00:00,95.5,888.L
2022-12-08 00:00:00+00:00,94.9000015258789,888.L
2022-12-09 00:00:00+00:00,96.05000305175781,888.L
2022-12-12 00:00:00+00:00,91.05000305175781,888.L
2022-12-13 00:00:00+00:00,93.9000015258789,888.L
2022-12-14 00:00:00+00:00,89.6500015258789,888.L
2022-12-15 00:00:00+00:00,89.4000015258789,888.L
2022-12-16 00:00:00+00:00,86.8499984741211,888.L
2022-12-19 00:00:00+00:00,84.80000305175781,888.L
2022-12-20 00:00:00+00:00,82.05000305175781,888.L
2022-12-21 00:00:00+00:00,84.80000305175781,888.L
2022-12-22 00:00:00+00:00,82.8499984741211,888.L
2022-12-23 00:00:00+00:00,86.6500015258789,888.L
2022-12-28 00:00:00+00:00,85.8499984741211,888.L
2022-12-29 00:00:00+00:00,87.69999694824219,888.L
2022-12-30 00:00:00+00:00,86.94999694824219,888.L
2023-01-03 00:00:00+00:00,88.05000305175781,888.L
2023-01-04 00:00:00+00:00,92.19999694824219,888.L
2023-01-05 00:00:00+00:00,91.5999984741211,888.L
2023-01-06 00:00:00+00:00,93.6500015258789,888.L
2023-01-09 00:00:00+00:00,93.80000305175781,888.L
2022-01-10 00:00:00+00:00,711.5,PTEC.L
2022-01-11 00:00:00+00:00,710.0,PTEC.L
2022-01-12 00:00:00+00:00,707.0,PTEC.L
2022-01-13 00:00:00+00:00,708.0,PTEC.L
2022-01-14 00:00:00+00:00,705.0,PTEC.L
2022-01-17 00:00:00+00:00,719.0,PTEC.L
2022-01-18 00:00:00+00:00,724.5,PTEC.L
2022-01-19 00:00:00+00:00,725.5,PTEC.L
2022-01-20 00:00:00+00:00,730.5,PTEC.L
2022-01-21 00:00:00+00:00,579.5,PTEC.L
2022-01-24 00:00:00+00:00,605.0,PTEC.L
2022-01-25 00:00:00+00:00,641.5,PTEC.L
2022-01-26 00:00:00+00:00,597.5,PTEC.L
2022-01-27 00:00:00+00:00,613.5,PTEC.L
2022-01-28 00:00:00+00:00,614.5,PTEC.L
2022-01-31 00:00:00+00:00,584.0,PTEC.L
2022-02-01 00:00:00+00:00,577.0,PTEC.L
2022-02-02 00:00:00+00:00,585.0,PTEC.L
2022-02-03 00:00:00+00:00,633.5,PTEC.L
2022-02-04 00:00:00+00:00,625.0,PTEC.L
2022-02-07 00:00:00+00:00,624.5,PTEC.L
2022-02-08 00:00:00+00:00,615.0,PTEC.L
2022-02-09 00:00:00+00:00,626.5,PTEC.L
2022-02-10 00:00:00+00:00,640.5,PTEC.L
2022-02-11 00:00:00+00:00,642.0,PTEC.L
2022-02-14 00:00:00+00:00,644.0,PTEC.L
2022-02-15 00:00:00+00:00,653.0,PTEC.L
2022-02-16 00:00:00+00:00,655.5,PTEC.L
2022-02-17 00:00:00+00:00,667.0,PTEC.L
2022-02-18 00:00:00+00:00,671.0,PTEC.L
2022-02-21 00:00:00+00:00,660.0,PTEC.L
2022-02-22 00:00:00+00:00,648.5,PTEC.L
2022-02-23 00:00:00+00:00,639.5,PTEC.L
2022-02-24 00:00:00+00:00,641.0,PTEC.L
2022-02-25 00:00:00+00:00,657.5,PTEC.L
2022-02-28 00:00:00+00:00,667.0,PTEC.L
2022-03-01 00:00:00+00:00,661.5,PTEC.L
2022-03-02 00:00:00+00:00,650.0,PTEC.L
2022-03-03 00:00:00+00:00,595.0,PTEC.L
2022-03-04 00:00:00+00:00,585.5,PTEC.L
2022-03-07 00:00:00+00:00,563.5,PTEC.L
2022-03-08 00:00:00+00:00,593.0,PTEC.L
2022-03-09 00:00:00+00:00,610.0,PTEC.L
2022-03-10 00:00:00+00:00,600.5,PTEC.L
2022-03-11 00:00:00+00:00,616.5,PTEC.L
2022-03-14 00:00:00+00:00,607.0,PTEC.L
2022-03-15 00:00:00+00:00,608.5,PTEC.L
2022-03-16 00:00:00+00:00,624.5,PTEC.L
2022-03-17 00:00:00+00:00,628.5,PTEC.L
2022-03-18 00:00:00+00:00,630.0,PTEC.L
2022-03-21 00:00:00+00:00,620.0,PTEC.L
2022-03-22 00:00:00+00:00,619.5,PTEC.L
2022-03-23 00:00:00+00:00,608.5,PTEC.L
2022-03-24 00:00:00+00:00,616.0,PTEC.L
2022-03-25 00:00:00+00:00,619.5,PTEC.L
2022-03-28 00:00:00+01:00,607.5,PTEC.L
2022-03-29 00:00:00+01:00,602.5,PTEC.L
2022-03-30 00:00:00+01:00,605.0,PTEC.L
2022-03-31 00:00:00+01:00,592.0,PTEC.L
2022-04-01 00:00:00+01:00,596.0,PTEC.L
2022-04-04 00:00:00+01:00,608.0,PTEC.L
2022-04-05 00:00:00+01:00,613.0,PTEC.L
2022-04-06 00:00:00+01:00,592.0,PTEC.L
2022-04-07 00:00:00+01:00,589.0,PTEC.L
2022-04-08 00:00:00+01:00,584.0,PTEC.L
2022-04-11 00:00:00+01:00,591.0,PTEC.L
2022-04-12 00:00:00+01:00,591.5,PTEC.L
2022-04-13 00:00:00+01:00,593.0,PTEC.L
2022-04-14 00:00:00+01:00,603.0,PTEC.L
2022-04-19 00:00:00+01:00,586.0,PTEC.L
2022-04-20 00:00:00+01:00,587.5,PTEC.L
2022-04-21 00:00:00+01:00,570.0,PTEC.L
2022-04-22 00:00:00+01:00,547.0,PTEC.L
2022-04-25 00:00:00+01:00,551.0,PTEC.L
2022-04-26 00:00:00+01:00,546.5,PTEC.L
2022-04-27 00:00:00+01:00,532.0,PTEC.L
2022-04-28 00:00:00+01:00,510.0,PTEC.L
2022-04-29 00:00:00+01:00,524.0,PTEC.L
2022-05-03 00:00:00+01:00,521.5,PTEC.L
2022-05-04 00:00:00+01:00,515.0,PTEC.L
2022-05-05 00:00:00+01:00,519.0,PTEC.L
2022-05-06 00:00:00+01:00,517.0,PTEC.L
2022-05-09 00:00:00+01:00,491.0,PTEC.L
2022-05-10 00:00:00+01:00,491.0,PTEC.L
2022-05-11 00:00:00+01:00,498.79998779296875,PTEC.L
2022-05-12 00:00:00+01:00,518.0,PTEC.L
2022-05-13 00:00:00+01:00,510.5,PTEC.L
2022-05-16 00:00:00+01:00,530.0,PTEC.L
2022-05-17 00:00:00+01:00,531.0,PTEC.L
2022-05-18 00:00:00+01:00,508.5,PTEC.L
2022-05-19 00:00:00+01:00,505.0,PTEC.L
2022-05-20 00:00:00+01:00,539.0,PTEC.L
2022-05-23 00:00:00+01:00,543.5,PTEC.L
2022-05-24 00:00:00+01:00,549.5,PTEC.L
2022-05-25 00:00:00+01:00,546.5,PTEC.L
2022-05-26 00:00:00+01:00,562.5,PTEC.L
2022-05-27 00:00:00+01:00,562.0,PTEC.L
2022-05-30 00:00:00+01:00,552.5,PTEC.L
2022-05-31 00:00:00+01:00,560.0,PTEC.L
2022-06-01 00:00:00+01:00,550.0,PTEC.L
2022-06-06 00:00:00+01:00,551.5,PTEC.L
2022-06-07 00:00:00+01:00,563.0,PTEC.L
2022-06-08 00:00:00+01:00,553.5,PTEC.L
2022-06-09 00:00:00+01:00,547.5,PTEC.L
2022-06-10 00:00:00+01:00,536.5,PTEC.L
2022-06-13 00:00:00+01:00,519.0,PTEC.L
2022-06-14 00:00:00+01:00,507.0,PTEC.L
2022-06-15 00:00:00+01:00,546.0,PTEC.L
2022-06-16 00:00:00+01:00,528.0,PTEC.L
2022-06-17 00:00:00+01:00,544.5,PTEC.L
2022-06-20 00:00:00+01:00,548.5,PTEC.L
2022-06-21 00:00:00+01:00,550.5,PTEC.L
2022-06-22 00:00:00+01:00,553.5,PTEC.L
2022-06-23 00:00:00+01:00,541.0,PTEC.L
2022-06-24 00:00:00+01:00,543.5,PTEC.L
2022-06-27 00:00:00+01:00,548.5,PTEC.L
2022-06-28 00:00:00+01:00,550.5,PTEC.L
2022-06-29 00:00:00+01:00,551.5,PTEC.L
2022-06-30 00:00:00+01:00,541.5,PTEC.L
2022-07-01 00:00:00+01:00,548.0,PTEC.L
2022-07-04 00:00:00+01:00,549.5,PTEC.L
2022-07-05 00:00:00+01:00,542.5,PTEC.L
2022-07-06 00:00:00+01:00,540.0,PTEC.L
2022-07-07 00:00:00+01:00,542.5,PTEC.L
2022-07-08 00:00:00+01:00,542.5,PTEC.L
2022-07-11 00:00:00+01:00,537.0,PTEC.L
2022-07-12 00:00:00+01:00,538.0,PTEC.L
2022-07-13 00:00:00+01:00,516.0,PTEC.L
2022-07-14 00:00:00+01:00,422.0,PTEC.L
2022-07-15 00:00:00+01:00,421.79998779296875,PTEC.L
2022-07-18 00:00:00+01:00,446.3999938964844,PTEC.L
2022-07-19 00:00:00+01:00,457.0,PTEC.L
2022-07-20 00:00:00+01:00,470.79998779296875,PTEC.L
2022-07-21 00:00:00+01:00,471.0,PTEC.L
2022-07-22 00:00:00+01:00,475.6000061035156,PTEC.L
2022-07-25 00:00:00+01:00,488.0,PTEC.L
2022-07-26 00:00:00+01:00,487.3999938964844,PTEC.L
2022-07-27 00:00:00+01:00,494.20001220703125,PTEC.L
2022-07-28 00:00:00+01:00,487.20001220703125,PTEC.L
2022-07-29 00:00:00+01:00,491.0,PTEC.L
2022-08-01 00:00:00+01:00,489.6000061035156,PTEC.L
2022-08-02 00:00:00+01:00,479.0,PTEC.L
2022-08-03 00:00:00+01:00,476.79998779296875,PTEC.L
2022-08-04 00:00:00+01:00,474.20001220703125,PTEC.L
2022-08-05 00:00:00+01:00,469.6000061035156,PTEC.L
2022-08-08 00:00:00+01:00,466.20001220703125,PTEC.L
2022-08-09 00:00:00+01:00,462.20001220703125,PTEC.L
2022-08-10 00:00:00+01:00,460.0,PTEC.L
2022-08-11 00:00:00+01:00,469.6000061035156,PTEC.L
2022-08-12 00:00:00+01:00,484.0,PTEC.L
2022-08-15 00:00:00+01:00,473.0,PTEC.L
2022-08-16 00:00:00+01:00,471.0,PTEC.L
2022-08-17 00:00:00+01:00,461.79998779296875,PTEC.L
2022-08-18 00:00:00+01:00,464.0,PTEC.L
2022-08-19 00:00:00+01:00,458.20001220703125,PTEC.L
2022-08-22 00:00:00+01:00,448.3999938964844,PTEC.L
2022-08-23 00:00:00+01:00,449.0,PTEC.L
2022-08-24 00:00:00+01:00,450.0,PTEC.L
2022-08-25 00:00:00+01:00,445.0,PTEC.L
2022-08-26 00:00:00+01:00,441.3999938964844,PTEC.L
2022-08-30 00:00:00+01:00,449.3999938964844,PTEC.L
2022-08-31 00:00:00+01:00,448.0,PTEC.L
2022-09-01 00:00:00+01:00,434.20001220703125,PTEC.L
2022-09-02 00:00:00+01:00,446.20001220703125,PTEC.L
2022-09-05 00:00:00+01:00,443.3999938964844,PTEC.L
2022-09-06 00:00:00+01:00,447.6000061035156,PTEC.L
2022-09-07 00:00:00+01:00,447.79998779296875,PTEC.L
2022-09-08 00:00:00+01:00,447.6000061035156,PTEC.L
2022-09-09 00:00:00+01:00,454.20001220703125,PTEC.L
2022-09-12 00:00:00+01:00,472.6000061035156,PTEC.L
2022-09-13 00:00:00+01:00,464.6000061035156,PTEC.L
2022-09-14 00:00:00+01:00,452.6000061035156,PTEC.L
2022-09-15 00:00:00+01:00,454.6000061035156,PTEC.L
2022-09-16 00:00:00+01:00,451.0,PTEC.L
2022-09-20 00:00:00+01:00,469.6000061035156,PTEC.L
2022-09-21 00:00:00+01:00,474.0,PTEC.L
2022-09-22 00:00:00+01:00,425.79998779296875,PTEC.L
2022-09-23 00:00:00+01:00,390.79998779296875,PTEC.L
2022-09-26 00:00:00+01:00,418.79998779296875,PTEC.L
2022-09-27 00:00:00+01:00,422.3999938964844,PTEC.L
2022-09-28 00:00:00+01:00,431.6000061035156,PTEC.L
2022-09-29 00:00:00+01:00,421.79998779296875,PTEC.L
2022-09-30 00:00:00+01:00,441.6000061035156,PTEC.L
2022-10-03 00:00:00+01:00,445.0,PTEC.L
2022-10-04 00:00:00+01:00,463.79998779296875,PTEC.L
2022-10-05 00:00:00+01:00,464.20001220703125,PTEC.L
2022-10-06 00:00:00+01:00,472.79998779296875,PTEC.L
2022-10-07 00:00:00+01:00,472.3999938964844,PTEC.L
2022-10-10 00:00:00+01:00,466.20001220703125,PTEC.L
2022-10-11 00:00:00+01:00,472.20001220703125,PTEC.L
2022-10-12 00:00:00+01:00,470.0,PTEC.L
2022-10-13 00:00:00+01:00,506.0,PTEC.L
2022-10-14 00:00:00+01:00,510.5,PTEC.L
2022-10-17 00:00:00+01:00,532.5,PTEC.L
2022-10-18 00:00:00+01:00,541.0,PTEC.L
2022-10-19 00:00:00+01:00,523.5,PTEC.L
2022-10-20 00:00:00+01:00,524.5,PTEC.L
2022-10-21 00:00:00+01:00,525.0,PTEC.L
2022-10-24 00:00:00+01:00,525.0,PTEC.L
2022-10-25 00:00:00+01:00,524.0,PTEC.L
2022-10-26 00:00:00+01:00,531.5,PTEC.L
2022-10-27 00:00:00+01:00,532.0,PTEC.L
2022-10-28 00:00:00+01:00,522.0,PTEC.L
2022-10-31 00:00:00+00:00,519.0,PTEC.L
2022-11-01 00:00:00+00:00,524.0,PTEC.L
2022-11-02 00:00:00+00:00,525.0,PTEC.L
2022-11-03 00:00:00+00:00,528.0,PTEC.L
2022-11-04 00:00:00+00:00,534.5,PTEC.L
2022-11-07 00:00:00+00:00,545.0,PTEC.L
2022-11-08 00:00:00+00:00,553.0,PTEC.L
2022-11-09 00:00:00+00:00,541.5,PTEC.L
2022-11-10 00:00:00+00:00,555.0,PTEC.L
2022-11-11 00:00:00+00:00,551.0,PTEC.L
2022-11-14 00:00:00+00:00,555.5,PTEC.L
2022-11-15 00:00:00+00:00,547.0,PTEC.L
2022-11-16 00:00:00+00:00,540.0,PTEC.L
2022-11-17 00:00:00+00:00,543.5,PTEC.L
2022-11-18 00:00:00+00:00,545.5,PTEC.L
2022-11-21 00:00:00+00:00,544.5,PTEC.L
2022-11-22 00:00:00+00:00,556.5,PTEC.L
2022-11-23 00:00:00+00:00,553.5,PTEC.L
2022-11-24 00:00:00+00:00,549.0,PTEC.L
2022-11-25 00:00:00+00:00,557.0,PTEC.L
2022-11-28 00:00:00+00:00,553.5,PTEC.L
2022-11-29 00:00:00+00:00,554.0,PTEC.L
2022-11-30 00:00:00+00:00,550.5,PTEC.L
2022-12-01 00:00:00+00:00,562.5,PTEC.L
2022-12-02 00:00:00+00:00,559.0,PTEC.L
2022-12-05 00:00:00+00:00,548.0,PTEC.L
2022-12-06 00:00:00+00:00,528.0,PTEC.L
2022-12-07 00:00:00+00:00,524.5,PTEC.L
2022-12-08 00:00:00+00:00,524.0,PTEC.L
2022-12-09 00:00:00+00:00,521.5,PTEC.L
2022-12-12 00:00:00+00:00,515.0,PTEC.L
2022-12-13 00:00:00+00:00,520.0,PTEC.L
2022-12-14 00:00:00+00:00,514.5,PTEC.L
2022-12-15 00:00:00+00:00,505.5,PTEC.L
2022-12-16 00:00:00+00:00,496.6000061035156,PTEC.L
2022-12-19 00:00:00+00:00,497.6000061035156,PTEC.L
2022-12-20 00:00:00+00:00,497.79998779296875,PTEC.L
2022-12-21 00:00:00+00:00,504.0,PTEC.L
2022-12-22 00:00:00+00:00,504.5,PTEC.L
2022-12-23 00:00:00+00:00,507.5,PTEC.L
2022-12-28 00:00:00+00:00,508.0,PTEC.L
2022-12-29 00:00:00+00:00,510.5,PTEC.L
2022-12-30 00:00:00+00:00,509.0,PTEC.L
2023-01-03 00:00:00+00:00,536.0,PTEC.L
2023-01-04 00:00:00+00:00,545.5,PTEC.L
2023-01-05 00:00:00+00:00,534.0,PTEC.L
2023-01-06 00:00:00+00:00,550.0,PTEC.L
2023-01-09 00:00:00+00:00,548.0,PTEC.L
2022-01-10 00:00:00+00:00,11140.0,FLTR.L
2022-01-11 00:00:00+00:00,11425.0,FLTR.L
2022-01-12 00:00:00+00:00,11475.0,FLTR.L
2022-01-13 00:00:00+00:00,11400.0,FLTR.L
2022-01-14 00:00:00+00:00,11275.0,FLTR.L
2022-01-17 00:00:00+00:00,11125.0,FLTR.L
2022-01-18 00:00:00+00:00,10870.0,FLTR.L
2022-01-19 00:00:00+00:00,11225.0,FLTR.L
2022-01-20 00:00:00+00:00,11345.0,FLTR.L
2022-01-21 00:00:00+00:00,10965.0,FLTR.L
2022-01-24 00:00:00+00:00,10545.0,FLTR.L
2022-01-25 00:00:00+00:00,10495.0,FLTR.L
2022-01-26 00:00:00+00:00,10610.0,FLTR.L
2022-01-27 00:00:00+00:00,10765.0,FLTR.L
2022-01-28 00:00:00+00:00,10940.0,FLTR.L
2022-01-31 00:00:00+00:00,11185.0,FLTR.L
2022-02-01 00:00:00+00:00,11315.0,FLTR.L
2022-02-02 00:00:00+00:00,11215.0,FLTR.L
2022-02-03 00:00:00+00:00,10620.0,FLTR.L
2022-02-04 00:00:00+00:00,10580.0,FLTR.L
2022-02-07 00:00:00+00:00,11005.0,FLTR.L
2022-02-08 00:00:00+00:00,10945.0,FLTR.L
2022-02-09 00:00:00+00:00,11105.0,FLTR.L
2022-02-10 00:00:00+00:00,11050.0,FLTR.L
2022-02-11 00:00:00+00:00,11360.0,FLTR.L
2022-02-14 00:00:00+00:00,11130.0,FLTR.L
2022-02-15 00:00:00+00:00,11055.0,FLTR.L
2022-02-16 00:00:00+00:00,11060.0,FLTR.L
2022-02-17 00:00:00+00:00,11015.0,FLTR.L
2022-02-18 00:00:00+00:00,10530.0,FLTR.L
2022-02-21 00:00:00+00:00,10375.0,FLTR.L
2022-02-22 00:00:00+00:00,10440.0,FLTR.L
2022-02-23 00:00:00+00:00,10415.0,FLTR.L
2022-02-24 00:00:00+00:00,10175.0,FLTR.L
2022-02-25 00:00:00+00:00,10400.0,FLTR.L
2022-02-28 00:00:00+00:00,10795.0,FLTR.L
2022-03-01 00:00:00+00:00,9456.0,FLTR.L
2022-03-02 00:00:00+00:00,9132.0,FLTR.L
2022-03-03 00:00:00+00:00,8640.0,FLTR.L
2022-03-04 00:00:00+00:00,8000.0,FLTR.L
2022-03-07 00:00:00+00:00,8154.0,FLTR.L
2022-03-08 00:00:00+00:00,8000.0,FLTR.L
2022-03-09 00:00:00+00:00,8774.0,FLTR.L
2022-03-10 00:00:00+00:00,8542.0,FLTR.L
2022-03-11 00:00:00+00:00,8950.0,FLTR.L
2022-03-14 00:00:00+00:00,8726.0,FLTR.L
2022-03-15 00:00:00+00:00,8832.0,FLTR.L
2022-03-16 00:00:00+00:00,9260.0,FLTR.L
2022-03-17 00:00:00+00:00,9370.0,FLTR.L
2022-03-18 00:00:00+00:00,9592.0,FLTR.L
2022-03-21 00:00:00+00:00,9248.0,FLTR.L
2022-03-22 00:00:00+00:00,9190.0,FLTR.L
2022-03-23 00:00:00+00:00,8958.0,FLTR.L
2022-03-24 00:00:00+00:00,8834.0,FLTR.L
2022-03-25 00:00:00+00:00,8742.0,FLTR.L
2022-03-28 00:00:00+01:00,8756.0,FLTR.L
2022-03-29 00:00:00+01:00,9176.0,FLTR.L
2022-03-30 00:00:00+01:00,8878.0,FLTR.L
2022-03-31 00:00:00+01:00,8880.0,FLTR.L
2022-04-01 00:00:00+01:00,8746.0,FLTR.L
2022-04-04 00:00:00+01:00,9090.0,FLTR.L
2022-04-05 00:00:00+01:00,9000.0,FLTR.L
2022-04-06 00:00:00+01:00,8570.0,FLTR.L
2022-04-07 00:00:00+01:00,8460.0,FLTR.L
2022-04-08 00:00:00+01:00,8396.0,FLTR.L
2022-04-11 00:00:00+01:00,8494.0,FLTR.L
2022-04-12 00:00:00+01:00,8412.0,FLTR.L
2022-04-13 00:00:00+01:00,8400.0,FLTR.L
2022-04-14 00:00:00+01:00,8626.0,FLTR.L
2022-04-19 00:00:00+01:00,8500.0,FLTR.L
2022-04-20 00:00:00+01:00,8490.0,FLTR.L
2022-04-21 00:00:00+01:00,8370.0,FLTR.L
2022-04-22 00:00:00+01:00,8266.0,FLTR.L
2022-04-25 00:00:00+01:00,8160.0,FLTR.L
2022-04-26 00:00:00+01:00,8042.0,FLTR.L
2022-04-27 00:00:00+01:00,7922.0,FLTR.L
2022-04-28 00:00:00+01:00,8040.0,FLTR.L
2022-04-29 00:00:00+01:00,8130.0,FLTR.L
2022-05-03 00:00:00+01:00,8290.0,FLTR.L
2022-05-04 00:00:00+01:00,8716.0,FLTR.L
2022-05-05 00:00:00+01:00,8500.0,FLTR.L
2022-05-06 00:00:00+01:00,8500.0,FLTR.L
2022-05-09 00:00:00+01:00,7996.0,FLTR.L
2022-05-10 00:00:00+01:00,8200.0,FLTR.L
2022-05-11 00:00:00+01:00,8496.0,FLTR.L
2022-05-12 00:00:00+01:00,8468.0,FLTR.L
2022-05-13 00:00:00+01:00,8944.0,FLTR.L
2022-05-16 00:00:00+01:00,8884.0,FLTR.L
2022-05-17 00:00:00+01:00,8928.0,FLTR.L
2022-05-18 00:00:00+01:00,8990.0,FLTR.L
2022-05-19 00:00:00+01:00,8886.0,FLTR.L
2022-05-20 00:00:00+01:00,9188.0,FLTR.L
2022-05-23 00:00:00+01:00,9342.0,FLTR.L
2022-05-24 00:00:00+01:00,9102.0,FLTR.L
2022-05-25 00:00:00+01:00,9248.0,FLTR.L
2022-05-26 00:00:00+01:00,9370.0,FLTR.L
2022-05-27 00:00:00+01:00,9546.0,FLTR.L
2022-05-30 00:00:00+01:00,9710.0,FLTR.L
2022-05-31 00:00:00+01:00,9760.0,FLTR.L
2022-06-01 00:00:00+01:00,9282.0,FLTR.L
2022-06-06 00:00:00+01:00,9192.0,FLTR.L
2022-06-07 00:00:00+01:00,9108.0,FLTR.L
2022-06-08 00:00:00+01:00,9132.0,FLTR.L
2022-06-09 00:00:00+01:00,9050.0,FLTR.L
2022-06-10 00:00:00+01:00,8568.0,FLTR.L
2022-06-13 00:00:00+01:00,8216.0,FLTR.L
2022-06-14 00:00:00+01:00,81.73999786376953,FLTR.L
2022-06-15 00:00:00+01:00,8424.0,FLTR.L
2022-06-16 00:00:00+01:00,8248.0,FLTR.L
2022-06-17 00:00:00+01:00,8204.0,FLTR.L
2022-06-20 00:00:00+01:00,8412.0,FLTR.L
2022-06-21 00:00:00+01:00,8540.0,FLTR.L
2022-06-22 00:00:00+01:00,8468.0,FLTR.L
2022-06-23 00:00:00+01:00,8388.0,FLTR.L
2022-06-24 00:00:00+01:00,8790.0,FLTR.L
2022-06-27 00:00:00+01:00,8730.0,FLTR.L
2022-06-28 00:00:00+01:00,8506.0,FLTR.L
2022-06-29 00:00:00+01:00,8444.0,FLTR.L
2022-06-30 00:00:00+01:00,8244.0,FLTR.L
2022-07-01 00:00:00+01:00,8282.0,FLTR.L
2022-07-04 00:00:00+01:00,8346.0,FLTR.L
2022-07-05 00:00:00+01:00,8174.0,FLTR.L
2022-07-06 00:00:00+01:00,8438.0,FLTR.L
2022-07-07 00:00:00+01:00,8090.0,FLTR.L
2022-07-08 00:00:00+01:00,8122.0,FLTR.L
2022-07-11 00:00:00+01:00,7752.0,FLTR.L
2022-07-12 00:00:00+01:00,7688.0,FLTR.L
2022-07-13 00:00:00+01:00,7614.0,FLTR.L
2022-07-14 00:00:00+01:00,7634.0,FLTR.L
2022-07-15 00:00:00+01:00,7676.0,FLTR.L
2022-07-18 00:00:00+01:00,7872.0,FLTR.L
2022-07-19 00:00:00+01:00,7866.0,FLTR.L
2022-07-20 00:00:00+01:00,8028.0,FLTR.L
2022-07-21 00:00:00+01:00,8024.0,FLTR.L
2022-07-22 00:00:00+01:00,8276.0,FLTR.L
2022-07-25 00:00:00+01:00,8060.0,FLTR.L
2022-07-26 00:00:00+01:00,7782.0,FLTR.L
2022-07-27 00:00:00+01:00,8086.0,FLTR.L
2022-07-28 00:00:00+01:00,8112.0,FLTR.L
2022-07-29 00:00:00+01:00,8228.0,FLTR.L
2022-08-01 00:00:00+01:00,8278.0,FLTR.L
2022-08-02 00:00:00+01:00,8118.0,FLTR.L
2022-08-03 00:00:00+01:00,8358.0,FLTR.L
2022-08-04 00:00:00+01:00,8694.0,FLTR.L
2022-08-05 00:00:00+01:00,8652.0,FLTR.L
2022-08-08 00:00:00+01:00,8860.0,FLTR.L
2022-08-09 00:00:00+01:00,8614.0,FLTR.L
2022-08-10 00:00:00+01:00,9156.0,FLTR.L
2022-08-11 00:00:00+01:00,9382.0,FLTR.L
2022-08-12 00:00:00+01:00,10705.0,FLTR.L
2022-08-15 00:00:00+01:00,10685.0,FLTR.L
2022-08-16 00:00:00+01:00,10715.0,FLTR.L
2022-08-17 00:00:00+01:00,10815.0,FLTR.L
2022-08-18 00:00:00+01:00,10865.0,FLTR.L
2022-08-19 00:00:00+01:00,10835.0,FLTR.L
2022-08-22 00:00:00+01:00,10685.0,FLTR.L
2022-08-23 00:00:00+01:00,10850.0,FLTR.L
2022-08-24 00:00:00+01:00,10950.0,FLTR.L
2022-08-25 00:00:00+01:00,10940.0,FLTR.L
2022-08-26 00:00:00+01:00,10685.0,FLTR.L
2022-08-30 00:00:00+01:00,10595.0,FLTR.L
2022-08-31 00:00:00+01:00,10765.0,FLTR.L
2022-09-01 00:00:00+01:00,10280.0,FLTR.L
2022-09-02 00:00:00+01:00,10370.0,FLTR.L
2022-09-05 00:00:00+01:00,10190.0,FLTR.L
2022-09-06 00:00:00+01:00,10080.0,FLTR.L
2022-09-07 00:00:00+01:00,10275.0,FLTR.L
2022-09-08 00:00:00+01:00,10215.0,FLTR.L
2022-09-09 00:00:00+01:00,10235.0,FLTR.L
2022-09-12 00:00:00+01:00,10710.0,FLTR.L
2022-09-13 00:00:00+01:00,10495.0,FLTR.L
2022-09-14 00:00:00+01:00,10325.0,FLTR.L
2022-09-15 00:00:00+01:00,10390.0,FLTR.L
2022-09-16 00:00:00+01:00,10320.0,FLTR.L
2022-09-20 00:00:00+01:00,10310.0,FLTR.L
2022-09-21 00:00:00+01:00,10115.0,FLTR.L
2022-09-22 00:00:00+01:00,9800.0,FLTR.L
2022-09-23 00:00:00+01:00,9770.0,FLTR.L
2022-09-26 00:00:00+01:00,10020.0,FLTR.L
2022-09-27 00:00:00+01:00,10260.0,FLTR.L
2022-09-28 00:00:00+01:00,10220.0,FLTR.L
2022-09-29 00:00:00+01:00,9948.0,FLTR.L
2022-09-30 00:00:00+01:00,9938.0,FLTR.L
2022-10-03 00:00:00+01:00,9694.0,FLTR.L
2022-10-04 00:00:00+01:00,10590.0,FLTR.L
2022-10-05 00:00:00+01:00,10325.0,FLTR.L
2022-10-06 00:00:00+01:00,10480.0,FLTR.L
2022-10-07 00:00:00+01:00,10315.0,FLTR.L
2022-10-10 00:00:00+01:00,10180.0,FLTR.L
2022-10-11 00:00:00+01:00,9986.0,FLTR.L
2022-10-12 00:00:00+01:00,10030.0,FLTR.L
2022-10-13 00:00:00+01:00,10260.0,FLTR.L
2022-10-14 00:00:00+01:00,10420.0,FLTR.L
2022-10-17 00:00:00+01:00,10720.0,FLTR.L
2022-10-18 00:00:00+01:00,10915.0,FLTR.L
2022-10-19 00:00:00+01:00,10550.0,FLTR.L
2022-10-20 00:00:00+01:00,10720.0,FLTR.L
2022-10-21 00:00:00+01:00,10585.0,FLTR.L
2022-10-24 00:00:00+01:00,10775.0,FLTR.L
2022-10-25 00:00:00+01:00,11375.0,FLTR.L
2022-10-26 00:00:00+01:00,11470.0,FLTR.L
2022-10-27 00:00:00+01:00,11555.0,FLTR.L
2022-10-28 00:00:00+01:00,11245.0,FLTR.L
2022-10-31 00:00:00+00:00,11580.0,FLTR.L
2022-11-01 00:00:00+00:00,11615.0,FLTR.L
2022-11-02 00:00:00+00:00,11690.0,FLTR.L
2022-11-03 00:00:00+00:00,11225.0,FLTR.L
2022-11-04 00:00:00+00:00,11510.0,FLTR.L
2022-11-07 00:00:00+00:00,11815.0,FLTR.L
2022-11-08 00:00:00+00:00,11785.0,FLTR.L
2022-11-09 00:00:00+00:00,11465.0,FLTR.L
2022-11-10 00:00:00+00:00,11645.0,FLTR.L
2022-11-11 00:00:00+00:00,11670.0,FLTR.L
2022-11-14 00:00:00+00:00,11430.0,FLTR.L
2022-11-15 00:00:00+00:00,11455.0,FLTR.L
2022-11-16 00:00:00+00:00,11290.0,FLTR.L
2022-11-17 00:00:00+00:00,11200.0,FLTR.L
2022-11-18 00:00:00+00:00,11565.0,FLTR.L
2022-11-21 00:00:00+00:00,11400.0,FLTR.L
2022-11-22 00:00:00+00:00,11510.0,FLTR.L
2022-11-23 00:00:00+00:00,11750.0,FLTR.L
2022-11-24 00:00:00+00:00,11820.0,FLTR.L
2022-11-25 00:00:00+00:00,11795.0,FLTR.L
2022-11-28 00:00:00+00:00,11945.0,FLTR.L
2022-11-29 00:00:00+00:00,11915.0,FLTR.L
2022-11-30 00:00:00+00:00,12175.0,FLTR.L
2022-12-01 00:00:00+00:00,12040.0,FLTR.L
2022-12-02 00:00:00+00:00,12030.0,FLTR.L
2022-12-05 00:00:00+00:00,11985.0,FLTR.L
2022-12-06 00:00:00+00:00,11965.0,FLTR.L
2022-12-07 00:00:00+00:00,11775.0,FLTR.L
2022-12-08 00:00:00+00:00,11865.0,FLTR.L
2022-12-09 00:00:00+00:00,11970.0,FLTR.L
2022-12-12 00:00:00+00:00,11985.0,FLTR.L
2022-12-13 00:00:00+00:00,12090.0,FLTR.L
2022-12-14 00:00:00+00:00,11940.0,FLTR.L
2022-12-15 00:00:00+00:00,11595.0,FLTR.L
2022-12-16 00:00:00+00:00,11455.0,FLTR.L
2022-12-19 00:00:00+00:00,11440.0,FLTR.L
2022-12-20 00:00:00+00:00,11430.0,FLTR.L
2022-12-21 00:00:00+00:00,11650.0,FLTR.L
2022-12-22 00:00:00+00:00,11545.0,FLTR.L
2022-12-23 00:00:00+00:00,11500.0,FLTR.L
2022-12-28 00:00:00+00:00,11380.0,FLTR.L
2022-12-29 00:00:00+00:00,11420.0,FLTR.L
2022-12-30 00:00:00+00:00,11290.0,FLTR.L
2023-01-03 00:00:00+00:00,11450.0,FLTR.L
2023-01-04 00:00:00+00:00,11885.0,FLTR.L
2023-01-05 00:00:00+00:00,11795.0,FLTR.L
2023-01-06 00:00:00+00:00,11995.0,FLTR.L
2023-01-09 00:00:00+00:00,12285.0,FLTR.L
